Code,Debt,Equity,Ratio,,
ACMEPL,61.68,"2,215.50",0.03,30-Jun-25,
ADNTEL,408.69,"1,708.32",0.24,30-Jun-25,
ADVENT,74.01,"1,530.33",0.05,30-Jun-25,
AGNISYSL,20.4,997.26,0.02,30-Jun-25,
APEXFOODS,0,509.72,0,30-Jun-25,
APEXSPINN,19.92,683.1,0.03,30-Jun-25,
ASIATICLAB,"1,419.84","6,193.63",0.23,30-Jun-25,
ATLASBANG,2.18,"3,852.67",0,30-Jun-25,
BANGAS,24.98,160.35,0.16,30-Jun-25,
BARKAPOWER,172.63,"4,357.56",0.04,30-Jun-25,
BDAUTOCA,0.7,32.26,0.02,30-Jun-25,
BDCOM,106.53,870.08,0.12,30-Jun-25,
BENGALWTL,69.67,"1,829.56",0.04,30-Jun-25,
CVOPRL,153.11,828.89,0.18,30-Jun-25,
DOMINAGE,74.91,"1,761.10",0.04,30-Jun-25,
DSHGARME,244.14,"1,301.48",0.19,30-Jun-25,
DSSL,0,"3,833.23",0.00 #,30-Jun-25,
ECABLES,611.99,"8,958.10",0.07,30-Jun-25,
EGEN,130.58,"1,567.10",0.08,30-Jun-25,
FEKDIL,777.62,"4,249.74",0.18,30-Jun-25,
FINEFOODS,0,204.74,0,30-Jun-25,
FORTUNE,602.77,"2,508.32",0.24,30-Jun-25,
GBBPOWER,0,"1,195.94",0,30-Jun-25,
GQBALLPEN,11.61,"1,089.28",0.01,30-Jun-25,
HEIDELBCEM,0,"4,176.74",0,30-Jun-25,
HFL,680.75,"2,460.47",0-Jan-00,30-Jun-23,
HWAWELLTEX,0,"2,249.10",0.00 #,30-Jun-25,
IBP,20,"1,456.25",0.01,30-Jun-25,
IFADAUTOS,523.52,"8,548.64",0.06,30-Jun-25,
INTRACO,27.05,"1,314.31",0.02,30-Jun-25,
JAMUNAOIL,0,"30,259.85",0,30-Jun-25,
JHRML,231.79,"3,197.64",0.07,30-Jun-25,
JMISMDL,41.41,913.36,0.05,30-Jun-25,
KBPPWBIL,12.19,"1,184.30",0.01,30-Jun-25,
KDSALTD,385.76,"1,950.81",0.2,30-Jun-25,
KOHINOOR,326.09,"2,415.68",0.13,30-Jun-25,
KPCL,0,"7,561.93",0,30-Jun-25,
LEGACYFOOT,0,483,0.00 #,30-Jun-25,
LHB,0,"19,063.30",0,30-Jun-25,
MITHUNKNIT,44.57,180.11,0.25,30-Jun-25,
MLDYEING,403.22,"3,090.94",0.13,30-Jun-25,
MONNOAGML,61.53,487.8,0.13,30-Jun-25,
MPETROLEUM,174.1,"30,023.16",0.01,30-Jun-25,
NAHEEACP,140.28,814,0.17,30-Jun-25,
NAVANAPHAR,62.84,"5,136.76",0.01,30-Jun-25,
NTLTUBES,345.51,"4,791.92",0.07,30-Jun-25,
OAL,352.24,"1,610.47",0.22,30-Jun-25,
OLYMPIC,0,"12,466.19",0,30-Jun-25,
PADMAOIL,183.46,"27,000.03",0.01,30-Jun-25,
PHARMAID,9.6,432.4,0.02,30-Jun-25,
RAHIMAFOOD,0,188.6,0,30-Jun-25,
RANFOUNDRY,92.22,351,0.26,30-Jun-25,
SAMATALETH,0,148.1,0.00 #,30-Jun-25,
SILCOPHL,0,"2,389.97",0.00 #,30-Jun-25,
SILVAPHL,28.22,"2,113.00",0.01,30-Jun-25,
SONALIPAPR,"1,071.50","5,531.35",0.19,30-Jun-25,
SQURPHARMA,825.5,"137,729.01",0.01,30-Jun-25,
TITASGAS,"4,815.16","85,639.82",0.06,30-Jun-25,
UPGDCL,"9,995.83","40,787.45",0.25,30-Jun-25,
USMANIAGL,0,"1,126.91",0.00 #,30-Jun-25,
VFSTDL,220.58,"2,147.60",0.1,30-Jun-25,
WALTONHIL,"26,457.74","120,161.71",0.22,30-Jun-25,
ZAHEENSPIN,30.66,385.98,0.08,30-Jun-25,
ISLAMIBANK,,,,,
ISLAMICFIN,,,,,
ISLAMIINS,,,,,
SHAHJABANK,,,,,
CAPMIBBLMF,,,,,
,,,,,
,,,,,
,,,,,
,,,,,
